EP1017-NPEB00882_00-GTAIVDIGITAL0001,2,Grand Theft Auto IV [EU][1][GAME][ENG],Fix not required if console activated,2128B0506BC15BAAC994A24DC63A63C0,http://zeus.dl.playstation.net/cdn/EP1017/NPEB00882_00/cEnOKhGHeMCLXSZehWVvCDLNnwGUgxLILSwzqjVlVnTVqiqmwALXqenjYTRuDmTg.pkg,11022785472,6330dfcd1b411cbd94054a1f656c1e014c1907da936e58829920ec46fd20b244
EP1017-NPEB00882_00-GTAIVDIGITAL0001,2,Grand Theft Auto IV [EU][2][Апдейт v1.09],Update v1.09,,http://b0.ww.np.dl.playstation.net/tppkg/np/NPEB00882/NPEB00882_T2/92d00c0a6ce80194/EP1017-NPEB00882_00-GTAIVDIGITAL0001-A0109-V0100-PE.pkg,16347760,6e167035c3117870185bed85e0099f92f5fbdfd69820ee2cb2f2fe3b17b752a2
1GAME0-NPEB00882_00-NPEB008820000001,2,Grand Theft Auto IV [EU][3][Фикс для v1.09],FIX for the game v1.09,,http://getfile.dokpub.com/yandex/get/http://yadi.sk/d/nJ5I7cNZ1lBr9Q,33512640,D7FC7B3FDA940FA48EFF19AA7D78BDDC3BFEA1788E86CE5877298FC7287A6266
1GAME0-NPEB00882_00-NPEB008820000001,2,Grand Theft Auto IV [EU][4][Русификатор][RusText],RusText instead of FRA port from N69,,http://getfile.dokpub.com/yandex/get/http://disk.yandex.ru/d/5Gk3lPsw3JyXmA,96721824,E023242CDE30F7325E8153DB377E0E1CCC73551F0B48F1DC9D02563ED8BABDD5
1GAME0-NPEB00882_00-NPEB008820000001,2,Grand Theft Auto IV [EU][REPACK][RusText],Deleted TV shows,,http://getfile.dokpub.com/yandex/get/http://disk.yandex.ru/d/3wK94AhVhZoQvA,7119938112,9D0889A8E00D3E68646E8D043456189741028633EECC72F14724DAC3AB1F5A5A
EP1017-BLES00229_00-RCKLOSTANDDAMNED,2,Grand Theft Auto IV: TLAD [EU][DLC][1][GAME][ENG],Fix not required if console activated,D78710F4C0979FAD9CDB40C612C94F60,http://zeus.dl.playstation.net/cdn/EP1017/BLES00229_00/s7Ng309OHgtmnMLbJaEaoctwEyffO4ExTu8uRolYcEcYAoVF1QSPtdD3qA9DBk4Kdj0ERi6iMIHADsEAX646ts0JkBwkeHDR23jPT.pkg,2136955360,C4B89DBA07EE5095740B5156635E8E2FB5F2E2D5558F15745D06385D5D7E0D70
2PATCH-BLES00229_00-BLES002290000001,2,Grand Theft Auto IV: TLAD [EU][DLC][2][Фикс DLC],FIX for the DLC The Lost and Damned,,http://getfile.dokpub.com/yandex/get/http://disk.yandex.ru/d/Zd1vntYw5MrclQ,16513968,5A53795553DA13DC8812C0844AB0A97F44136D4968C1C38454111BC0C40E318E
2PATCH-BLES00229_00-BLES002290000001,2,Grand Theft Auto IV: TLAD [EU][DLC][3][Русификатор][RusText],RusText instead of FRA port from N69,,http://getfile.dokpub.com/yandex/get/http://disk.yandex.ru/d/Gs9RWtRPgPXWLA,16622704,F0AB72A4DE81E7613360D40CBD99BD8206447C514CAEB99DE196FC850D4445DD
EP1017-BLES00229_00-RCKBALLADGAYTONY,2,Grand Theft Auto IV: TBoGT [EU][DLC][1][GAME][ENG],Fix not required if console activated,D69ED5F6C7137FCBC83E80A0E101B5CF,http://zeus.dl.playstation.net/cdn/EP1017/BLES00229_00/8XvlfP9mdN01DByPkdJLChwiIG3HcIfmFf1wWQf3e4RrW2PLfBY3MMvWqtYb9SPcjmx7Y1SR1TylF3xNLXQFCjaaB08K21id9oy5o.pkg,2163052000,A890B20FA51083E88739641E0AC3A1A97AD49197764BD93F1DFE81921ECED1F7
2PATCH-BLES00229_00-RCKBALLADGAYTONY,2,Grand Theft Auto IV: TBoGT [EU][DLC][2][Фикс DLC],FIX for the DLC The Ballad of Gay Tony,,http://getfile.dokpub.com/yandex/get/http://disk.yandex.ru/d/CpCGfE9b9X8sDA,18242288,F84145B9B9317D23311F982B8131CCBD8237FDABF4080485881C9247A9C9F327
2PATCH-BLES00229_00-RCKBALLADGAYTONY,2,Grand Theft Auto IV: TBoGT [EU][DLC][3][Русификатор][RusText],RusText instead of FRA port from N69,,http://getfile.dokpub.com/yandex/get/http://disk.yandex.ru/d/z_D5WuirQxYXTA,18291536,E23B4DAC86BF78557860679A4A61785CB3A6ED7262D1EF7822BA1AA2E2878382
UP2047-NPUB31496_00-ESCAPEDIGAMEHDD1,2,Escape Dead Island [REPACK][RusText][Patch v1.02 + FIX],For more information see PSPx.RU,,https://getfile.dokpub.com/yandex/get/https://disk.yandex.ru/d/GncnJLMUaQFuJg,4478264416,ED146F0F7D58B8B91CA50330A32C4ADBFCEBF5AE5204671E95338AA58387AB6E
UP9000-NPUA80636_00-GOWGHOSTOFSPARTA,2,God of War - Ghost of Sparta [REPACK][FullRus][FIX],For more information see PSPx.RU,,http://getfile.dokpub.com/yandex/get/http://disk.yandex.ru/d/BZ7-AdgBbnupdA,4516936112,56E6B5351F01B32B28AFA067EEE580BEFCCDFD7DA77A19AB56FB2E93AED2FA9D
2PATCH-BLES00229_00-BLES002290000001,2,Grand Theft Auto IV: TLAD [EU][DLC][5][REPACK][RusText][FIX + MOD],For more information see PSPx.RU,,http://getfile.dokpub.com/yandex/get/http://disk.yandex.ru/d/WtphwWf9cm349Q,2030433744,2645C443114C61AE5D1A79D24587C52B08875E591D96A25AA58FB00EF699C819
2PATCH-BLES00229_00-RCKBALLADGAYTONY,2,Grand Theft Auto IV: TBoGT [EU][DLC][5][REPACK][RusText][FIX + MOD],For more information see PSPx.RU,,http://getfile.dokpub.com/yandex/get/http://disk.yandex.ru/d/KiTjGqa_TXWKdw,2081352848,7EEB838C887AE5B4030F44A0040E3876F18976681E07E8E9902679FE29904342
1GAME0-NPEB01881_00-NPEB018810000001,2,The Wolf Among Us [RusVoices][Episode 1],Voice acting for the first episode only,,https://getfile.dokpub.com/yandex/get/https://disk.yandex.ru/d/vJLPD-t0cFeUTA,767110256,AE934A1566F6581C50F68CA2DB69FAEE5BE7EADB9A9396E2A9DA7E6861952053
EP0001-NPEB00393_00-ASSASSINSCREPKG1,2,Assassin's Creed [REPACK][FullRus][FIX],For more information see PSPx.RU,,http://getfile.dokpub.com/yandex/get/http://disk.yandex.ru/d/-nh8xyS6_w9dKQ,6713529136,BC235E9AFFE1E89618D5864780760B86B1268B8DE9683F9663AAA23753E176D2
EP0001-NPEB00462_00-ASSASSINS2BLURAY,2,Assassin's Creed II [REPACK][FullRus][FIX],For more information see PSPx.RU,,http://getfile.dokpub.com/yandex/get/http://disk.yandex.ru/d/OTojOB9nDElY8A,5887513584,B0C16B54A2E42FB057A55ADBF0FA5B3F37F8F5B964B6AA7C0741226293268323
EP0001-BLES00669_00-AC2DLCSEQ1200001,2,Assassin's Creed II [Дополнение] - Битва у Форли,DLC,21BD990CCD5EBF80A36B0B10E1DB61DB,http://zeus.dl.playstation.net/cdn/EP0001/BLES00669_00/H4aAkUH3fH8e0FfDp2VeipuatIIMVSBA7iPDLkYImNYjYvYcvuWrBX9v9EE9mov2eRJC6DMltLgIHYi47IWiYQeG55Aq2Xed5l15V.pkg,795963584,A9070492F7CA1EC7E629403CA03D4B5A7F1264791674E89DB3E772276CCF9B5D
EP0001-BLES00669_00-AC2DLCSEQ1300001,2,Assassin's Creed II [Дополнение] - Костер тщеславия,DLC,2BFB59735C079B85A2B0572B5A2C3750,http://zeus.dl.playstation.net/cdn/EP0001/BLES00669_00/RUbYgRMxTMgYkirYyxkMSGDnTeqbyFlKdjQ6y35rCTQefRmSRgRs1V8bIkNXmxyhWH85PrKxvi8tXv5nKbNOSeQxLWN4L9JWP2iPF.pkg,1682662944,750A73ACC3FD0FEF408B9B746C7F444B8A156DC79E992FF334396DB0DE1C94E0 
EP0001-BLES00669_00-AC2DLCSEQ13LGS01,2,Assassin's Creed II [Дополнение] - Cекретные локаций,DLC,73BDC47108BB05E249BE6B7E619D18AA,http://zeus.dl.playstation.net/cdn/EP0001/BLES00669_00/JveqK8l7rtoolYSNXEx5IhoSMdWVXjA3UwFqJtHtteg9q4SMUkoKlr5lq2aEcB6pTy8gHsg4vnW5nXxtTa5bBI1Im7aSBqYnvmbVl.pkg,1682629376,97BDDCECF348172272AB334D6FD9E353EFB7088259E5813C102378DE1A37FF15
2PATCH-BLES00669_00-BLES006690000001,2,Assassin's Creed II [Фикс All DLC],FIX for the 3 DLC,,http://getfile.dokpub.com/yandex/get/http://disk.yandex.ru/d/_usjp-XcLLzRRQ,102688,7C260E60DFD8B4A29C7C42E5F32FD8E611D573D0BCFCA58A53EDF7CB7BB6F845 
EP0001-NPEB00600_00-ACBROTPS3REMPKG1,2,Assassin's Creed: Brotherhood [RIP][FullRus][FIX],For more information see PSPx.RU,,http://getfile.dokpub.com/yandex/get/http://disk.yandex.ru/d/L7Yld2ZrFAiv2A,5993769616,F8537779BC15D1C6E98FFE1F5ACF14DBCD274CC297D6C441A61F2E8696FAAE9D
EP0001-BLES00909_00-AC2DLC4000000001,2,Assassin's Creed: Brotherhood [Дополнение] - Исчезновение Да Винчи,DLC,8E479DF7600B910D3A667E50D512CA5B,http://zeus.dl.playstation.net/cdn/EP0001/BLES00909_00/zfrcoYGIItZZPjVZrNuCHzJtlIJBzLpFmQvVEBMAXxQGLMadbidDmxQitVbgPMTf.pkg,1744125552,
EP0001-BLES00909_00-AC2DLCCOPERNIC01,2,Assassin's Creed: Brotherhood [Дополнение] - Заговор вокруг Коперника,DLC,,http://ares.dl.playstation.net/cdn/EP0001/BLES00909_00/9h7Xop2SL8vkjJSlFeBWt0aCLjb2m0iHrQfQW0p1g9xUB94IvG0c3ykrsVbFxy8D.pkg,345286096,B2CE4C7B23222C4BB138A78AB6090B5D3A1F307451D86C0EFDC55933695D1610
2PATCH-BLES00909_00-BLES009090000001,2,Assassin's Creed: Brotherhood [Фикс DLC],FIX for the 1 DLC,,http://getfile.dokpub.com/yandex/get/http://disk.yandex.ru/d/RfnsX8hanD-KOQ,102400,77BFEC61427B55D9E012C0CDC44A1111DF248E82F18339C09322A60D72475BE8
EP0001-NPEB00880_00-ACRDIGITALVER001,2,Assassin’s Creed: Revelations [RIP][FullRus][Patch 1.01+FIX],For more information see PSPx.RU,,http://getfile.dokpub.com/yandex/get/http://disk.yandex.ru/d/QcFQ6QwcWQZKZA,5894252400,84F8F3498320BBC9466DEAAFEA5AA7CAFE43C3EBFC71CD26CBCAB2DD24F550FA
EP0001-BLES01384_00-ACRDLCSUB1600001,2,Assassin’s Creed: Revelations [Дополнение] - Потерянный архив,DLC,92F753D11B55D06AD8D8EA43BA14CF1C,http://zeus.dl.playstation.net/cdn/EP0001/BLES01384_00/gVzosTcanpoBhOeARQqIIpkwMJgTqXyoBcgJIEyKLJlwyyNAKpwSFLUWNhgVpJJo.pkg,747685600,5762C132768FFFB83714E8153ABC490693F46573192470F83C8C3CEAEBDB7BCC
2PATCH-BLES01384_00-BLES013840000001,2,Assassin’s Creed: Revelations [Фикс DLC],FIX for the DLC,,http://getfile.dokpub.com/yandex/get/http://disk.yandex.ru/d/ndgIP2KgX4AmFw,102400,36ED26316A089560CBC6D2E7EABA3400A172988BCCF42F661203C7A8FCE9CEFA
1DGAME-BLES01597_00-DARKSIDERS0BLES0,2,Darksiders 2 [1][GAME][OFW][REPACK][FullRus][Not Signed],For more information see PSPx.RU,,http://getfile.dokpub.com/yandex/get/http://disk.yandex.ru/d/2E2TeTLgI8mpkg,5679943200,8CE99F9DF98BD1FE8D0C87D32A47129C03C771DA8C7CA178466F166BD51322A9
2PATCH-BLES01597_00-DARKSIDERS0BLES0,2,Darksiders 2 [2][PATCH+DLC][OFW][REPACK][Not Signed],For more information see PSPx.RU,,http://getfile.dokpub.com/yandex/get/http://disk.yandex.ru/d/Ncubaa_4z1nHWg,1179150816,C6DCBE53D3733101A144B40D7E8F4FCD574837085082AD6912F3DC096DA88BF7
1DGAME-BLES01714_00-DISHONORED0BLES0,2,Dishonored [1][GAME][OFW][REPACK][RusText][Not Signed],For more information see PSPx.RU,,http://getfile.dokpub.com/yandex/get/http://disk.yandex.ru/d/1MzKAm_QO1ufpA,5107241264,FD42E1CE85A31F8C893716F2745485BA9AD201D4C919190BAFCEFB13E419ED36
2PATCH-BLES01714_00-DISHONORED0BLES0,2,Dishonored [2][PATCH+DLC][OFW][REPACK][RusText][Not Signed],For more information see PSPx.RU,,http://getfile.dokpub.com/yandex/get/http://disk.yandex.ru/d/yRoYuFeXHntIbw,4623679152,35ED4A18688E72268B14A85DD8C9AE2F761CD9E6467AC839727DCACE64BA5D19
EP0001-NPEB00463_00-OUTLAND0PURCHASE,2,Outland [REPACK][FullRus][C00][Signed],RusSound - R.G.MVO. RusText - ZoG,,http://getfile.dokpub.com/yandex/get/http://disk.yandex.ru/d/ywz16053J4ACmA,1252407136,E48532087FFA866945993B058DD8B3CE983D2DF6F7435CF8C39E0768FC80EEEC
EP0001-NPEB00463_00-OUTLAND0PURCHASE,2,Outland [REPACK][RusText][C00][Signed],RusText - ZoG,,http://getfile.dokpub.com/yandex/get/http://disk.yandex.ru/d/z3xgzJaE3uH7kw,1252736704,294057D3A4A25AA44864B523061587E03612637045F082B7CE293CC5118CA9A6
EP0001-NPEB00463_00-OUTLAND0PURCHASE,2,Outland [Разлочка][C00],C00 Unlock,,http://getfile.dokpub.com/yandex/get/http://disk.yandex.ru/d/WtsQVZ9uRkGhFg,6000
1GAME0-NPEB00366_00-NPEB003360000001,2,Tomb Raider Underworld [REPACK][RusText][FIX],For more information see PSPx.RU,,http://getfile.dokpub.com/yandex/get/http://disk.yandex.ru/d/IoW8aS4HTGozTg,8205027888,20067882043B34E0D3BB567F11C940B346B6B06FACC90A19AAED72F5B150CD5E
EP0000-SLES50109_00-PS2CLASSICS00000,2,[PS2] 7 Blades [RusText][NoRG][FiXed][Debug],Convert PS2ISO to PS3PKG,,http://getfile.dokpub.com/yandex/get/http://disk.yandex.ru/d/LGm8s-ocrvEytA,4708213328,CCD11040285F496294E6647AE6851F099636CF0EADABA5AEAB8F6EEAA4EA865F
UP0000-SLUS21016_00-PS2CLASSICS00000,2,[PS2] 25 To Life [FullRus][Новый Диск][16:9][Retail],Convert PS2ISO to PS3PKG,,http://getfile.dokpub.com/yandex/get/http://disk.yandex.ru/d/54FQDCGJzH-G3Q,1767173232,5077EE90E3399997D524036E09A8E80E9436F2AC2BCB949D88E4985FB8830BFA
UP0000-SLUS21205_00-PS2CLASSICS00000,2,[PS2] Aeon Flux [FullRus][Devil Soft][FiXed][Retail],Convert PS2ISO to PS3PKG,,http://getfile.dokpub.com/yandex/get/http://disk.yandex.ru/d/S8qGbzb7exNxpg,2663469424,F2D5CB8A49FCB5682E1EEC8E96CFAF77C1DDAD34D151FF7648E011EB112FA7C0
EP0000-SLES50282_00-PS2CLASSICS00000,2,[PS2] Age of Empires II: The Age of Kings [RusText][Новый Диск/ViT Co][Debug],Convert PS2ISO to PS3PKG,,http://getfile.dokpub.com/yandex/get/http://disk.yandex.ru/d/yhTL5pMV3BFqgw,654821520,6E3458428E171EEC6244A157380B82BF6074AE308A582EEA3672091E3C0929E4
EP0000-SLES53910_00-PS2CLASSICS00000,2,[PS2] Agent Hugo [FullRUS][Новый Диск][Debug],Convert PS2ISO to PS3PKG,,http://getfile.dokpub.com/yandex/get/http://disk.yandex.ru/d/sqdY-vw1iXWShA,1718545488
EP0000-SLES55207_00-PS2CLASSICS00000,2,[PS2] Alone in the Dark: У последней черты [RusText][16:9][Retail],Convert PS2ISO to PS3PKG,,http://getfile.dokpub.com/yandex/get/http://disk.yandex.ru/d/aH99FaYM-Rx5qQ,3493261504,DE7FC56413AB3519CBC131398F3D4BDE86BFB121E86456D5FB568415B8649512
UP0000-SLUS21069_00-PS2CLASSICS00000,2,[PS2] American Chopper [FullRus][Акелла][16:9][FiXed][Debug],Convert PS2ISO to PS3PKG,,http://getfile.dokpub.com/yandex/get/http://disk.yandex.ru/d/K10cnIa7iPbCmg,2765236624,A736372E30F28B9661A993E5B7CEC1865B13AF40063ED3D8DD53F7AAA09AECF2
UP0000-SLUS20595_00-PS2CLASSICS00000,2,[PS2] Area 51 [FullRus][Новый Диск/Megera][16:9][Retail],Convert PS2ISO to PS3PKG,,http://getfile.dokpub.com/yandex/get/http://disk.yandex.ru/d/95uHlhoyly5aUA,1483956432,3B5DBBE279D986391B602AC64F9C2C6A82D9942B48C0FEAB89B9C7FF78412401
UP0000-SLUS21113_00-PS2CLASSICS00000,2,[PS2] Atelier Iris: Eternal Mana [RusText][Megera][16:9][Retail],Convert PS2ISO to PS3PKG,,http://getfile.dokpub.com/yandex/get/http://disk.yandex.ru/d/qX0FqeAGdEjEfQ,2687058704,807626254D9C7DB229A7BC49A536B9D416FBB1A7BCA017DA77B6A8AB513986ED
UP0000-SLUS21327_00-PS2CLASSICS00000,2,[PS2] Atelier Iris: Eternal Mana 2 [RusText][Megera][16:9][Retail],Convert PS2ISO to PS3PKG,,http://getfile.dokpub.com/yandex/get/http://disk.yandex.ru/d/d7BvtqQgr6gWNw,1825631664,6BC3AA37255F7796ACC81749FE7A4905A0197E2D7A23E49127E4B942FC852994
UP0000-SLUS21564_00-PS2CLASSICS00000,2,[PS2] Atelier Iris 3: Grand Phantasm [RusText][AlexLee][16:9][Retail],Convert PS2ISO to PS3PKG,,http://getfile.dokpub.com/yandex/get/http://disk.yandex.ru/d/sLzUOiK5lZOm2w,2565036096,9FFAE29714C25F4C00075473A169CFA46C17435C828320B3C27A20BAD823CE65
EP0000-SLES53060_00-PS2CLASSICS00000,2,[PS2] Asterix & Obelix XXL2: Mission - Las Vegum [FullRus][Акелла][16:9][Debug],Convert PS2ISO to PS3PKG,,http://getfile.dokpub.com/yandex/get/http://disk.yandex.ru/d/H2GkdoKGq2tRBw,1303858096,68478F29AA66E3C2CA0ECAEEDDFB7E36DBC893E27AB68002E84B330F0F0DED66
UP0000-SLUS21588_00-PS2CLASSICS00000,2,[PS2] Avatar: The Last Airbender – The Burning Earth [RusText][Debug],Convert PS2ISO to PS3PKG,,http://getfile.dokpub.com/yandex/get/http://disk.yandex.ru/d/G8Xf-STROG8n4g,1959630864,23B415329D386F50C21CAEFCBE1F373281D64D797DF498BE37351F3638A7DD6E
EP0000-SLES50672_00-PS2CLASSICS00000,2,[PS2] Baldur’s Gate: Dark Alliance [RusText][Megera][16:9][FiXed][Retail],Convert PS2ISO to PS3PKG,,http://getfile.dokpub.com/yandex/get/http://disk.yandex.ru/d/a-eNakcixfqkaA,3807336944,4C6375722F595B2AD1003AF946C6CCA7F84ABBFFCCFA9A053C33F8536D6171C4
UP0000-SLUS20675_00-PS2CLASSICS00000,2,[PS2] Baldur’s Gate: Dark Alliance II [RusText][ViT Co][16:9][Retail],Convert PS2ISO to PS3PKG,,http://getfile.dokpub.com/yandex/get/http://disk.yandex.ru/d/Q0v4oiK8Ub9zcQ,2961391856,EF5A1156BC7BC711C83AFF7CEBCA460555A9A2A6284B6E253E4E1BD7989FC047
UP0000-SLUS21198_00-PS2CLASSICS00000,2,[PS2] Batman Begins [RusText][NoRG][Retail],Convert PS2ISO to PS3PKG,,http://getfile.dokpub.com/yandex/get/http://disk.yandex.ru/d/-nLFgt5YN5bKGA,4202975552,C34D066A485716B9C8E362B86391F0D8762A3D0558A5B51E5B5F20ADCF8AAECD
UP0000-SLUS21026_00-PS2CLASSICS00000,2,[PS2] Battlefield 2: Modern Combat [RusText][Megera][Retail],Convert PS2ISO to PS3PKG,,http://getfile.dokpub.com/yandex/get/http://disk.yandex.ru/d/HJuLC8WrK0k6VQ,3618050096,18050700D5E35D610D10F9A05B663529BBFFAFF2936F867C32301B0E8FA573AB
UP0000-SLUS21150_00-PS2CLASSICS00000,2,[PS2] Beat Down: Fists of Vengeance [RusText][AlexLee/Megera][16:9][Debug],Convert PS2ISO to PS3PKG,,http://getfile.dokpub.com/yandex/get/http://disk.yandex.ru/d/DjphsJkKnN7Qrw,3342703296,F25E3B0518755AA844F7376DF9045D68493F866E03F3186DCBEA1C3579A55CD0
UP0000-SLUS21815_00-PS2CLASSICS00000,2,[PS2] BEN 10: Alien Force [RusText][AlexLee][Debug],Convert PS2ISO to PS3PKG,,http://getfile.dokpub.com/yandex/get/http://disk.yandex.ru/d/l3Q_JNUJ5AuKTg,4715641504,740AC28649CE611AC9363D634E3FD2EFFD3CBDF7D76031937651460C569E01AB
UP0000-SLUS21376_00-PS2CLASSICS00000,2,[PS2] Black [RusText][ViTCo/GENRY3000][16:9][FiXed][Retail],Convert PS2ISO to PS3PKG,,http://getfile.dokpub.com/yandex/get/http://disk.yandex.ru/d/caxVhUiPb0LACA,2629531216,D2BDF4D3CAE1CFCB806ACC4BBC97A320607B9298A6E3A38A74A4039F81261543
UP0000-SLUS20024_00-PS2CLASSICS00000,2,[PS2] Blood Omen 2: Legacy of Kain [RUSSound][7wolf][16:9][Retail],Convert PS2ISO to PS3PKG,,http://getfile.dokpub.com/yandex/get/http://disk.yandex.ru/d/WlPe5hH80u96cQ,2169833856,BBF9549BE965FB4D9B2E1CC932BB8E6A2A3455D435C3F9E56AB2C88C45B5251C
UP0000-SLUS20461_00-PS2CLASSICS00000,2,[PS2] BloodRayne [FullRus][Новый Диск/DruchaPucha][FiXed][Retail],Convert PS2ISO to PS3PKG,,http://getfile.dokpub.com/yandex/get/http://disk.yandex.ru/d/WA60km3P7qSLdg,1347953616,4FBCA0A2A4B4AD8C8380BEE009A091CFC292AF0AAD84FF711447C2C76FD52257
UP0000-SLUS20862_00-PS2CLASSICS00000,2,[PS2] BloodRayne 2 [FullRus][Бука/CRES][16:9][FiXed][Retail],Convert PS2ISO to PS3PKG,,http://getfile.dokpub.com/yandex/get/http://disk.yandex.ru/d/zrNuY4SGP7aodQ,2063142512,3305D7F317781192E5919FDBA71CD6E70DE58BF407552C0981628DAC31C611C6
UP0000-SLUS20850_00-PS2CLASSICS00000,2,[PS2] BlowOut [FullRus][Новый Диск/NoRG][FiXed][Retail],Convert PS2ISO to PS3PKG,,http://getfile.dokpub.com/yandex/get/http://disk.yandex.ru/d/dSp0Mt6TaMPeGw,373625056,467305275BBBC95A1C5C99DB0BAA2CFBBB32C8B0175A4CB5B7B1E0D4DEB268CE
EP0000-SLES51557_00-PS2CLASSICS00000,2,[PS2] Broken Sword: The Sleeping Dragon [FullRus][LazyGames/Kudos][Retail],Convert PS2ISO to PS3PKG,,http://getfile.dokpub.com/yandex/get/http://disk.yandex.ru/d/xEIUQ4SXbD08XA,2293039648,28D75A9B71CBB402A239CC129774129D27AF11C2646A59E78DAC905BE99D733A
EP0000-SLES53659_00-PS2CLASSICS00000,2,[PS2] Brothers in Arms: Earned in Blood [RusText][NoRG][16:9][Debug],Convert PS2ISO to PS3PKG,,http://getfile.dokpub.com/yandex/get/http://disk.yandex.ru/d/DLtCL1LXbqa-jQ,4633857792,113268298835DB5C95F6812041CEB2A4C24EA1AD71D382E8775E729C10AAC0A2
EP0000-SLES52888_00-PS2CLASSICS00000,2,[PS2] Brothers in Arms: Road to Hill 30 [RusText][AlexLee][Debug],Convert PS2ISO to PS3PKG,,http://getfile.dokpub.com/yandex/get/http://disk.yandex.ru/d/tqr6VQMVbXRL3Q,4383550368,C5078D160915C32A4342B6E61DEDB493DA823D7016E1E97A57AB24083CE60F27
UP0000-SLUS20566_00-PS2CLASSICS00000,2,[PS2] Buffy the Vampire Slayer [RusText][NoRG][FiXed][Debug],Convert PS2ISO to PS3PKG,,http://getfile.dokpub.com/yandex/get/http://disk.yandex.ru/d/jdvBI_fxtb2t0w,3470944160,55788AB1186845DF6E34709A1A5FD73EF449FBA08558C8FEAC74F75CB4538501
UP0000-SLUS21269_00-PS2CLASSICS00000,2,[PS2] Bully [RusText][1C][16:9][FiXed][Debug],Convert PS2ISO to PS3PKG,,http://getfile.dokpub.com/yandex/get/http://disk.yandex.ru/d/PTg72k_cZ6bILQ,4667612400,73A02475A6191BBFA08DC0F9532F0094305F60F8B691B9AD8E74B324476E5A92
UP0000-SLUS21050_00-PS2CLASSICS00000,2,[PS2] Burnout 3: Takedown [RusText][Kudos][16:9][FiXed][Debug],Convert PS2ISO to PS3PKG,,http://getfile.dokpub.com/yandex/get/http://disk.yandex.ru/d/y0zAXqyBPOBj-g,2939221824
UP0000-SLUS21596_00-PS2CLASSICS00000,2,[PS2] Burnout Dominator [RusText][AlexLee][Debug],Convert PS2ISO to PS3PKG,,http://getfile.dokpub.com/yandex/get/http://disk.yandex.ru/d/Y8VUPGhziOShaQ,1797303088,1B54B18D288571495067E823E3D4F0F80A1B0CC4E934C46E6C088B0B824C1E45
UP0000-SLUS21242_00-PS2CLASSICS00000,2,[PS2] Burnout Revenge [RusText][16:9][FiXed][Debug],Convert PS2ISO to PS3PKG,,http://getfile.dokpub.com/yandex/get/http://disk.yandex.ru/d/_tlk8Sw_eWHclw,2635292800
UP0000-SLUS20725_00-PS2CLASSICS00000,2,[PS2] Call of Duty: Finest Hour [RusText][Megera][16:9][Retail],Convert PS2ISO to PS3PKG,,http://getfile.dokpub.com/yandex/get/http://disk.yandex.ru/d/6AmQ23NokSuHow,3265762320
UP0000-SLUS21228_00-PS2CLASSICS00000,2,[PS2] Call of Duty 2: Big Red One [RusText][16:9][Retail],Convert PS2ISO to PS3PKG,,http://getfile.dokpub.com/yandex/get/http://disk.yandex.ru/d/Eeed9FTVB1iAuA,2926963056
UP0000-SLUS21746_00-PS2CLASSICS00000,2,[PS2] Call of Duty: World at War - Final Fronts [RusText][AlexLee/Megera][16:9][Retail],Convert PS2ISO to PS3PKG,,http://getfile.dokpub.com/yandex/get/http://disk.yandex.ru/d/DA144uT5ALwn3Q,1860414176
UP0000-SLUS20992_00-PS2CLASSICS00000,2,[PS2] Catwoman [RusText][AlexLee][16:9][Retail],Convert PS2ISO to PS3PKG,,http://getfile.dokpub.com/yandex/get/http://disk.yandex.ru/d/y3nMEOeN8O1rgA,3105225376
EP0000-SLES53755_00-PS2CLASSICS00000,2,[PS2] Castlevania: Curse of Darkness [RusText][ViTCo/PSCD.RU][16:9][FiXed][Debug],Convert PS2ISO to PS3PKG,,http://getfile.dokpub.com/yandex/get/http://disk.yandex.ru/d/UduQLu8_ftZhxA,3864115424,C9FC9A4D350E32FD97396581CCC6973FEC6552CC71A49761E47C276A7707DE90
UP0000-SLUS21168_00-PS2CLASSICS00000,2,[PS2] Castlevania: Curse of Darkness [FullRus][DevilSoft/NoRG][16:9][FiXed][Debug],Convert PS2ISO to PS3PKG,,http://getfile.dokpub.com/yandex/get/http://disk.yandex.ru/d/Q6JZ8UyolgavwQ,3551967456,BEB0479FD0239F88E16F15B77FC0F9BDCBF1FFA757BA6AAAAAC8BBC6B055E367
EP0000-SLES53158_00-PS2CLASSICS00000,2,[PS2] Cold Fear [FullRus][Акелла][16:9][Retail],Convert PS2ISO to PS3PKG,,http://getfile.dokpub.com/yandex/get/http://disk.yandex.ru/d/7QMtU_XBE6Rx1w/Cold-Fear-[PS2-Classics]-[SLES53158]_sign.pkg,3612525568
UP0000-SLUS20086_00-PS2CLASSICS00000,2,[PS2] Commandos 2: Men of Courage [FullRUS][Новый Диск][Debug],Convert PS2ISO to PS3PKG,,http://getfile.dokpub.com/yandex/get/http://disk.yandex.ru/d/vIfIuL1PD_pqEA,3810388384
UP0000-SLUS20086_00-PS2CLASSICS00000,2,[PS2] Commandos 2: Men of Courage [FullRUS][PS2Golden][Debug],Convert PS2ISO to PS3PKG,,http://getfile.dokpub.com/yandex/get/http://disk.yandex.ru/d/gO2Om0aW_jpI2A,3810388384
UP0000-SLUS20086_00-PS2CLASSICS00000,2,[PS2] Commandos 2: Men of Courage [FullRUS][Kudos][Debug],Convert PS2ISO to PS3PKG,,http://getfile.dokpub.com/yandex/get/http://disk.yandex.ru/d/rqLshb0Qx17v9Q,3810388384
UP0000-SLUS20086_00-PS2CLASSICS00000,2,[PS2] Commandos 2: Men of Courage [PICFIX][Debug],Removes the "PS2 Classics" frame from the icon,,http://getfile.dokpub.com/yandex/get/http://disk.yandex.ru/d/0RGFCFa6vPbbVQ,102400
UP0000-SLUS20306_00-PS2CLASSICS00000,2,[PS2] Contra: Shattered Soldier [RusText][Kudos][16:9][Retail],Convert PS2ISO to PS3PKG,,http://getfile.dokpub.com/yandex/get/http://disk.yandex.ru/d/Xf18KWVP_ccqew,748159136,518F5207FEC4658C4E001540C29AB218FA9CFFDDE80991B787369EC6A5A14F24
EP0000-SLES50386_00-PS2CLASSICS00000,2,[PS2] Crash Bandicoot: The Wrath of Cortex [FullRUS][Kudos][16:9][Retail],Convert PS2ISO to PS3PKG,,http://getfile.dokpub.com/yandex/get/http://disk.yandex.ru/d/r0TRHpTGkHrrzA/Crash-Bandicoot---Wrath-of-Cortex-[PS2-Classics]-[SLES50386]_sign.pkg,624731728
UP0000-SLUS20238_00-PS2CLASSICS00000,2,[PS2] Crash Bandicoot: The Wrath Of Cortex [RUSSound][Kudos][FiXed][Debug],Convert PS2ISO to PS3PKG,,http://getfile.dokpub.com/yandex/get/http://disk.yandex.ru/d/nAOOrGqMyU8fKg,615792208
EP0000-SLES54843_00-PS2CLASSICS00000,2,[PS2] Crash of the Titans [FullRUS][SoftClub][Retail],Convert PS2ISO to PS3PKG,,http://getfile.dokpub.com/yandex/get/http://disk.yandex.ru/d/UAtW-DyFkJ3h0g,1519885024,AC9A9995DF1E8D4BCD7C604A183CB7BA3FFFD5A2C797688806C13A77F4D8A79B
UP0000-SLUS21191_00-PS2CLASSICS00000,2,[PS2] Crash Tag Team Racing [RusText][Retail],Convert PS2ISO to PS3PKG,,http://getfile.dokpub.com/yandex/get/http://disk.yandex.ru/d/-ofTVUi-lqTR7g,3559728528,98E8175BC1327FE3C49659373905F993BC1AA316AEE4488EEF5CF3CC312FDA85
EP0000-SLES51511_00-PS2CLASSICS00000,2,[PS2] Crash Nitro Kart [RusText][Bomband][Retail],Convert PS2ISO to PS3PKG,,http://getfile.dokpub.com/yandex/get/http://disk.yandex.ru/d/9ioZ_fvbVAmkIQ,3192612080,DA53D66B53EE64F7AE4064B60D248CECCBB2F04B62E5DA8A523CB7043356950E
EP0000-SLES53869_00-PS2CLASSICS00000,2,[PS2] Crazy Frog Racer [RusText][AlexLee][Retail],Convert PS2ISO to PS3PKG,,http://getfile.dokpub.com/yandex/get/http://disk.yandex.ru/d/V6IxzFSXg2wt2Q,788479984
EP0000-SLES52122_00-PS2CLASSICS00000,2,[PS2] Crime Life: Gang Wars [RusText][NORG][16:9][Debug],Convert PS2ISO to PS3PKG,,http://getfile.dokpub.com/yandex/get/http://disk.yandex.ru/d/zQOvqLSmqRkchw,4461635792,FC5733C75041FE5B1739D771B40DB601072ECE6FE077C952C22C9B33065BA9F4
UP0000-SLUS20934_00-PS2CLASSICS00000,2,[PS2] Death by Degrees [RusText][Alex Lee][Retail],Convert PS2ISO to PS3PKG,,http://getfile.dokpub.com/yandex/get/http://disk.yandex.ru/d/ABA-FXYj8vFLxg,4319291456
EP0000-SLES51581_00-PS2CLASSICS00000,2,[PS2] Dead to Rights [RusText][Bomband][Retail],Convert PS2ISO to PS3PKG,,http://getfile.dokpub.com/yandex/get/http://disk.yandex.ru/d/nDhZLFNIrMNvbw,1879228608,98E2C8D44A3CCC9928B80B169B7417723E43F1E8A0A58726B869C54BC1F0190A
UP0000-SLUS20843_00-PS2CLASSICS00000,2,[PS2] Dead to Rights II [FullRUS][Акелла][Retail],Convert PS2ISO to PS3PKG,,http://getfile.dokpub.com/yandex/get/http://disk.yandex.ru/d/3Rh8AHyarFizew,1694909296
EP0000-SLES53641_00-PS2CLASSICS00000,2,[PS2] Destroy All Humans! [FullRUS][Vellod Impex][Retail],Convert PS2ISO to PS3PKG,,http://getfile.dokpub.com/yandex/get/http://disk.yandex.ru/d/LhsXTldBtc70HA,2591272624
EP0000-SLES50048_00-PS2CLASSICS00000,2,[PS2] Disney's Donald Duck: Quack Attack [FullRUS][NORG/Gamebox][16:9][Debug],Convert PS2ISO to PS3PKG,,http://getfile.dokpub.com/yandex/get/http://disk.yandex.ru/d/YXhqttvGM5b1CQ,1283214528,3A9B1AF3C16295043DEE5A8906466FEA2094E4379AF3BBC3E7F1036745A47866
EP0000-SLES54179_00-PS2CLASSICS00000,2,[PS2] Disney Pirates of the Caribbean: At World's End [FullRUS][Новый Диск/AlexLee][Debug],Convert PS2ISO to PS3PKG,,http://getfile.dokpub.com/yandex/get/http://disk.yandex.ru/d/B9o4lV_4mQ_sIg,2062912912,39A4803A9629ECF7217DA58149E253EE3F5ADE04C29FF78784D8F223BF9913C6
EP0000-SLES51696_00-PS2CLASSICS00000,2,[PS2] Dragon's Lair 3D: Special Edition [RusText][Kudos][16:9][Retail],Convert PS2ISO to PS3PKG,,http://getfile.dokpub.com/yandex/get/http://disk.yandex.ru/d/8EXPbuB3Q9o-FA,1151959008
UP0000-SLUS20403_00-PS2CLASSICS00000,2,[PS2] Evil Dead: A Fistful of Boomstick [FullRUS][PS2 Golden][FiXed][Debug],Convert PS2ISO to PS3PKG,,http://getfile.dokpub.com/yandex/get/http://disk.yandex.ru/d/iMHndXVlRRSA3g,1344517840,750474EA7F8819E994A7B245D46C34E81D2C82E955833E0CB3D5CB2C2C56691F
UP0000-SLUS21048_00-PS2CLASSICS00000,2,[PS2] Evil Dead: Regeneration [FullRUS][Бука][16:9][Debug],Convert PS2ISO to PS3PKG,,http://getfile.dokpub.com/yandex/get/http://disk.yandex.ru/d/OAgawNg1A0Kn7w,2456146912
UP0000-SLUS20388_00-PS2CLASSICS00000,2,[PS2] Fatal Frame [RusText][NoRG][Retail],Convert PS2ISO to PS3PKG,,http://getfile.dokpub.com/yandex/get/http://disk.yandex.ru/d/rKVWvwdM0c8vFA,3840315792
EP0000-SLES52384_00-PS2CLASSICS00000,2,[PS2] Fatal Frame II: Crimson Butterfly [FullRUS][Kudos][16:9][Debug],Convert PS2ISO to PS3PKG,,http://getfile.dokpub.com/yandex/get/http://disk.yandex.ru/d/0eAhaOAyOMxOeg,2500436288,2173F18BB5EDD57443EF6F7C9CA8B7D196E528937F280568BCA0661ADADACDE7
JP0000-SLPS25088_00-PS2CLASSICS00000,2,[PS2] Final Fantasy X International [RusText][AlchemistLab][16:9][Retail],Convert PS2ISO to PS3PKG,,http://getfile.dokpub.com/yandex/get/http://disk.yandex.ru/d/S5Swc2Dn3bQK_w,4560822592
UP0000-SLUS21251_00-PS2CLASSICS00000,2,[PS2] FlatOut 2 [RusText][Бука][16:9][FiXed][Debug],Convert PS2ISO to PS3PKG,,http://getfile.dokpub.com/yandex/get/http://disk.yandex.ru/d/Ghk9MweN1jOrug,4066511952
UP0000-SLUS20888_00-PS2CLASSICS00000,2,[PS2] Front Mission 4 [RusText][Bomband][16:9][Retail],Convert PS2ISO to PS3PKG,,http://getfile.dokpub.com/yandex/get/http://disk.yandex.ru/d/k7y7E4tepTF3_A,3459690816
JP0000-SLPM66205_00-PS2CLASSICS00000,2,[PS2] Front Mission 5: Scars of the War [RusText][Фанаты][16:9][Retail],Convert PS2ISO to PS3PKG,,http://getfile.dokpub.com/yandex/get/http://disk.yandex.ru/d/3H4vaypmBpJ7IQ,3945393936,2BE83CF805DBD01814644ABC9476DB2C2BD58722CBB309DC9BE803DEEA6E1F42
UP0000-SCUS97471_00-PS2CLASSICS00000,2,[PS2] Genji: Dawn of the Samurai [RusText][NoRG][Retail],Convert PS2ISO to PS3PKG,,http://getfile.dokpub.com/yandex/get/http://disk.yandex.ru/d/1Ra1Mv5Pa8tEhw,4323324848
UP0000-SLUS20178_00-PS2CLASSICS00000,2,[PS2] Giants: Citizen Kabuto [RusText][NoRG][FiXed][Debug],Convert PS2ISO to PS3PKG,,http://getfile.dokpub.com/yandex/get/http://disk.yandex.ru/d/hcZotyqmurKZYA,1823966432
EP0000-SLES52671_00-PS2CLASSICS00000,2,[PS2] Ghost Master: The Gravenville Chronicles [RusText][Kudos][Retail],Convert PS2ISO to PS3PKG,,http://getfile.dokpub.com/yandex/get/http://disk.yandex.ru/d/4vEKwT2I9aFm6g,1367852064
UP0000-SCUS97399_00-PS2CLASSICS00000,2,[PS2] God of War [RusText][NoRG/DruchaPucha][16:9][Retail],Convert PS2ISO to PS3PKG,,http://getfile.dokpub.com/yandex/get/http://disk.yandex.ru/d/93n0t5GN9bpIgQ,3407642896
EP0000-SCES54206_00-PS2CLASSICS00000,2,[PS2] God of War 2 [FullRUS][СофтКлаб][16:9][Retail],Convert PS2ISO to PS3PKG,,http://getfile.dokpub.com/yandex/get/http://disk.yandex.ru/d/xMgAOLIgsCT6Sg,4644308544
UP0000-SLUS20062_00-PS2CLASSICS00000,2,[PS2] Grand Theft Auto III [RusText][Бука][16:9][FiXed][Debug],Convert PS2ISO to PS3PKG,,http://getfile.dokpub.com/yandex/get/http://disk.yandex.ru/d/T0-TVgAvykCy0w,2619873552,051D74AF40F7AB5DD1939E5986CCB806D71E3F4D10720C02D4C93ED65A00608D
UP0000-SLUS21423_00-PS2CLASSICS00000,2,[PS2] Grand Theft Auto: Liberty City Stories [RusText][Rockstar][16:9][FiXed][Debug],Official Rockstar Translation (Version 1.2),,http://getfile.dokpub.com/yandex/get/http://disk.yandex.ru/d/fG8wshrJnHMI1A,4038513008,4D39C035D135EEF1D2E0F01EC1567F30CEE5C90D103EEA0E8846175E8D1793C9
UP0000-SLUS21423_00-PS2CLASSICS00000,2,[PS2] Grand Theft Auto: Liberty City Stories [RusText][Фанаты][16:9][FiXed][Debug],Fan translation (version 3.2),,http://getfile.dokpub.com/yandex/get/http://disk.yandex.ru/d/0SnMJahJ7sgUpA,4038496624,049560E9F71BA390FE3C3AC5DA966E360B86D1B7DDC0048CE03BCF12DE3D5665
UP0000-SLUS21423_00-PS2CLASSICS00000,2,[PS2] Grand Theft Auto: Liberty City Stories [FullRUS][NoRG/Gamebox][16:9][FiXed][Debug],Text from NoRG, voice Gamebox,,http://getfile.dokpub.com/yandex/get/http://disk.yandex.ru/d/IsxeJwlzbBtxgQ,4016722288,A5EEE214DA965A9BE5895F84B819523203FA34C9FA717987EE0F7ECF72AC33DC
UP0000-SLUS21423_00-PS2CLASSICS00000,2,[PS2] Grand Theft Auto: San Andreas [RusText][1C][16:9][FiXed][Debug],Localization from 1C (DruchaPucha port),,http://getfile.dokpub.com/yandex/get/http://disk.yandex.ru/d/BzTs5m-GCV_kqg,4252329936,C1336BCC28AABFB95ADDF2AE12B12FBD6965A3745A234298EADBDD819FCB9BE7
EP0000-SLES53523_00-PS2CLASSICS00000,2,[PS2] Gun [RusText][AlexLee][FiXed][Retail],Convert PS2ISO to PS3PKG,,http://getfile.dokpub.com/yandex/get/http://disk.yandex.ru/d/clEYk7sPpopsFw,1826890704,7B64560DB760720B45641D3C42C986300B752AD6901D139C1018056F5DF3386A
UP0000-SLUS20066_00-PS2CLASSICS00000,2,[PS2] HALF-LIFE [FullRUS][Фаргус][16:9][Retail],Convert PS2ISO to PS3PKG,,http://getfile.dokpub.com/yandex/get/http://disk.yandex.ru/d/FxXgyHxtHU4SNw,440199216
UP0000-SLUS20576_00-PS2CLASSICS00000,2,Harry Potter and the Chamber of Secrets [RusText][NoRG][FiXed][Debug],Convert PS2ISO to PS3PKG,,http://getfile.dokpub.com/yandex/get/http://disk.yandex.ru/d/Pc-JuEiFTiAtXg,669258640
EP0000-SLES51192_00-PS2CLASSICS00000,2,Harry Potter and the Chamber of Secrets [RUSSound][Kudos][FiXed][Debug],Convert PS2ISO to PS3PKG,,http://getfile.dokpub.com/yandex/get/http://disk.yandex.ru/d/b2uRMsQlMVlFJQ,670077840
UP0000-SLUS20576_00-PS2CLASSICS00000,2,Harry Potter and the Chamber of Secrets [RusText][NoRG][16:9][FiXed][Debug],Convert PS2ISO to PS3PKG,,http://getfile.dokpub.com/yandex/get/http://disk.yandex.ru/d/Xmwr2yF_WHGUgw,669258640
EP0000-SLES52440_00-PS2CLASSICS00000,2,[PS2] Harry Potter and The Prisoner of Azkaban [RusText][AlexLee][FiXed][Debug],Convert PS2ISO to PS3PKG,,http://getfile.dokpub.com/yandex/get/http://disk.yandex.ru/d/i6qQ13h71tmmXQ,3875323680
EP0000-SLES52877_00-PS2CLASSICS00000,2,[PS2] Haunting Ground [RusText][ViTCo][FiXed][Debug],Convert PS2ISO to PS3PKG,,http://getfile.dokpub.com/yandex/get/http://disk.yandex.ru/d/bKBH6PHStoCF0Q,2693272480
UP0000-SLUS20158_00-PS2CLASSICS00000,2,[PS2] Heroes of Might and Magic: Quest for the Dragon Bone Staff [RusText][ViTCo][Retail],Convert PS2ISO to PS3PKG,,http://getfile.dokpub.com/yandex/get/http://disk.yandex.ru/d/xmrLFwJpHLKG-Q/Heroes-of-Might-and-Magic-[PS2-Classics]-[SLUS20158]_sign_v5.pkg,1294533232
UP0000-SLUS20374_00-PS2CLASSICS00000,2,[PS2] Hitman 2: Silent Assassin [FullRUS][Новый Диск][16:9][FiXed][Retail],Convert PS2ISO to PS3PKG,,http://getfile.dokpub.com/yandex/get/http://disk.yandex.ru/d/WCOA-y-dXEzkvw,1446182976
UP0000-SLUS20882_00-PS2CLASSICS00000,2,[PS2] Hitman: Contracts [FullRUS][Новый Диск][16:9][Retail],Convert PS2ISO to PS3PKG,,http://getfile.dokpub.com/yandex/get/http://disk.yandex.ru/d/jWGgRzk23RvqrA,2551986848
EP0000-SLES53028_00-PS2CLASSICS00000,2,[PS2] Hitman: Blood Money [FullRUS][Новый Диск/AlexLee/DevilSoft][16:9][Retail],Convert PS2ISO to PS3PKG,,http://getfile.dokpub.com/yandex/get/http://disk.yandex.ru/d/MHbuQrTNkCBenQ,3991189392
UP0000-SLUS21593_00-PS2CLASSICS00000,2,[PS2] Juiced 2: Hot Import Nights [RusText][Debug],Convert PS2ISO to PS3PKG,,http://getfile.dokpub.com/yandex/get/http://disk.yandex.ru/d/Sfq-iESCbJ-fIA,1379268976
EP0000-SLES54137_00-PS2CLASSICS00000,2,[PS2] Just Cause [FullRUS][NORG/Gamebox][16:9][Retail],Convert PS2ISO to PS3PKG,,http://getfile.dokpub.com/yandex/get/http://disk.yandex.ru/d/4kl7jeC0Itc60A,2685010656
UP0000-SLUS20706_00-PS2CLASSICS00000,2,[PS2] Kill Switch [FullRUS][BGDC/Vector][Retail],Convert PS2ISO to PS3PKG,,http://getfile.dokpub.com/yandex/get/http://disk.yandex.ru/d/Tzf9SojrfeznTw,1311092272
UP0000-SLUS20318_00-PS2CLASSICS00000,2,[PS2] King's Field IV: The Ancient City [RusText][Retail],Convert PS2ISO to PS3PKG,,http://getfile.dokpub.com/yandex/get/http://disk.yandex.ru/d/0M8cfedI7FUi6A/UP0000-SLUS20318_00-PS2CLASSICS00000_sign.pkg,836317648
EP0000-SLES51011_00-PS2CLASSICS00000,2,[PS2] Knight Rider The Game [RUSSound][1C][Debug],Convert PS2ISO to PS3PKG,,http://getfile.dokpub.com/yandex/get/http://disk.yandex.ru/d/sudlYNK5OkZuLw,1564547648
UP0000-SLUS20440_00-PS2CLASSICS00000,2,[PS2] Kya: Dark Lineage [RusText][16:9][Retail],Convert PS2ISO to PS3PKG,,http://getfile.dokpub.com/yandex/get/http://disk.yandex.ru/d/6Zjv1j2u-Xlk0A,1974743216
UP0000-SLUS20773_00-PS2CLASSICS00000,2,[PS2] Legacy of Kain: Defiance [FullRUS][NoRG/PS2 Golden][16:9][Retail],Convert PS2ISO to PS3PKG,,http://getfile.dokpub.com/yandex/get/http://disk.yandex.ru/d/uy0Vi8jP3rM90g,2203151312
EP0000-SLES50196_00-PS2CLASSICS00000,2,[PS2] Legacy of Kain: Soul Reaver 2 [FullRUS][Фаргус][16:9][Retail],Convert PS2ISO to PS3PKG,,http://getfile.dokpub.com/yandex/get/http://disk.yandex.ru/d/XQfUodU-cJBe0w,2256888864
UP0000-SLUS20230_00-PS2CLASSICS00000,2,[PS2] Max Payne [RUSSound][Tycoon Studio][16:9][Debug],Convert PS2ISO to PS3PKG,,http://getfile.dokpub.com/yandex/get/http://disk.yandex.ru/d/WfwNBUpIwhyjYA,4424530720
UP0000-SLUS20814_00-PS2CLASSICS00000,2,[PS2] Max Payne 2: The Fall of Max Payne [FullRUS][1C/NoRG][16:9][Retail],Text from NoRG, voice 1C,,http://getfile.dokpub.com/yandex/get/http://disk.yandex.ru/d/qew2PmQ8dGPW6Q,2469811040,58AC493BCA5D0C6B2BD0F37B13C31FD63E47261760AAB5D1A5767741664C2390
EP0000-SLES53332_00-PS2CLASSICS00000,2,[PS2] Medal of Honor: European Assault [RusText][AlexLee][16:9][Retail],Convert PS2ISO to PS3PKG,,http://getfile.dokpub.com/yandex/get/http://disk.yandex.ru/d/Pi9C1uEQuv5OCg,2113082496
EP0000-SLES50684_00-PS2CLASSICS00000,2,[PS2] Medal of Honor: Frontline [FullRUS][Kudos][16:9][Retail],Convert PS2ISO to PS3PKG,,http://getfile.dokpub.com/yandex/get/http://disk.yandex.ru/d/jB-5Qg7DGV2N_w,4730545280
UP0000-SLUS20753_00-PS2CLASSICS00000,2,[PS2] Medal of Honor: Rising Sun [RusText][Kudos][16:9][Retail],Convert PS2ISO to PS3PKG,,http://getfile.dokpub.com/yandex/get/http://disk.yandex.ru/d/xAPBfRkJEmOFNw,4614832224
EP0000-SLES54683_00-PS2CLASSICS00000,2,[PS2] Medal of Honor: Vanguard [RusText][AlexLee/Megera][16:9][Retail],Convert PS2ISO to PS3PKG,,http://getfile.dokpub.com/yandex/get/http://disk.yandex.ru/d/nAidmw98_C360Q,4458452896
UP0000-SLUS20932_00-PS2CLASSICS00000,2,[PS2] Mercenaries: Playground of Destruction [RusText][Megera][Debug],Convert PS2ISO to PS3PKG,,http://getfile.dokpub.com/yandex/get/http://disk.yandex.ru/d/EVnjDrgZ5222Og,2256700368
UP0000-SLUS20554_00-PS2CLASSICS00000,2,[PS2] Metal Gear Solid 2: Sons of Liberty [RusText][Exclusive][Debug],Convert PS2ISO to PS3PKG,,http://getfile.dokpub.com/yandex/get/http://disk.yandex.ru/d/QScvDVltyrOvNw,4724950080
UP0000-SLUS21087_00-PS2CLASSICS00000,2,[PS2] Mortal Kombat Shaolin Monks [FullRUS][NORG/Devil Soft][16:9][FiXed][Debug],Convert PS2ISO to PS3PKG,,http://getfile.dokpub.com/yandex/get/http://disk.yandex.ru/d/Wi9oX4dXo22CIg,4576313328
EP0000-SLES50731_00-PS2CLASSICS00000,2,[PS2] Need for Speed: Hot Pursuit 2 [RusText][AlexLee][16:9][Retail],Convert PS2ISO to PS3PKG,,http://getfile.dokpub.com/yandex/get/http://disk.yandex.ru/d/kHKrvW0Vwv-k8A/Need-for-Speed---Hot-Pursuit-2-[PS2-Classics]-[SLES50731]_sign.pkg,3149318576
UP0000-SLUS21065_00-PS2CLASSICS00000,2,[PS2] Need for Speed: Underground 2 [Disc 1][RusText][SoftClub][16:9][FiXed][Debug],Convert PS2ISO to PS3PKG,,http://getfile.dokpub.com/yandex/get/http://disk.yandex.ru/d/WNMSJTzEHUEdjg,2908965728
UP0000-SLUS21065_00-PS2CLASSICS00000,2,[PS2] Need for Speed: Underground 2 [Disc 2][RusText][SoftClub][16:9][FiXed][Debug],Convert PS2ISO to PS3PKG,,http://getfile.dokpub.com/yandex/get/http://disk.yandex.ru/d/ZTajhphtnGhRuQ,2908965728
UP0000-SLUS21709_00-PS2CLASSICS00000,2,[PS2] Obscure 2: The Aftermath [FullRUS][AlexLee/1C][16:9][Retail],Convert PS2ISO to PS3PKG,,http://getfile.dokpub.com/yandex/get/http://disk.yandex.ru/d/5msPd-QqdztDLg,2126306960
EP0000-SLES53322_00-PS2CLASSICS00000,2,[PS2] Obscure/Obscure 2: The Aftermath [FullRUS][AlexLee/1C][16:9][Retail],Convert PS2ISO to PS3PKG,,http://getfile.dokpub.com/yandex/get/http://disk.yandex.ru/d/Basi8DrVB2xc2g,4687863440
UP0000-SLUS21120_00-PS2CLASSICS00000,2,[PS2] Psychonauts [FullRUS][Бука][16:9][Retail],Convert PS2ISO to PS3PKG,,http://getfile.dokpub.com/yandex/get/http://disk.yandex.ru/d/SxOBqg62K_BKfg,3561941584
UP0000-SLUS21501_00-PS2CLASSICS00000,2,[PS2] Raw Danger! [FullRUS][NORG/Gamebox][16:9][FiXed][Debug],Convert PS2ISO to PS3PKG,,http://getfile.dokpub.com/yandex/get/http://disk.yandex.ru/d/W113nvjyKXI43w,1666018592
UP0000-SLUS20500_00-PS2CLASSICS00000,2,[PS2] Red Dead Revolver [RusText][NORG][FiXed][Debug],Convert PS2ISO to PS3PKG,,http://getfile.dokpub.com/yandex/get/http://disk.yandex.ru/d/9xhesuc3AObE0g,2393358592
UP0000-SLUS20797_00-PS2CLASSICS00000,2,[PS2] Return to Castle Wolfenstein [FullRUS][Bomband][Debug],Convert PS2ISO to PS3PKG,,http://getfile.dokpub.com/yandex/get/http://disk.yandex.ru/d/xAtqK3xUC_nDhQ,1268149776
UP0000-SLUS21111_00-PS2CLASSICS00000,2,[PS2] Scarface The World is Yours [RusText][FiXed][Debug],Convert PS2ISO to PS3PKG,,http://getfile.dokpub.com/yandex/get/http://disk.yandex.ru/d/DlV_YQSAnNymfA,3798815344
UP0000-SLUS21850_00-PS2CLASSICS00000,2,[PS2] SCORE International Baja 1000: The Official Game [RusText][AlexLee][Debug],Convert PS2ISO to PS3PKG,,http://getfile.dokpub.com/yandex/get/http://disk.yandex.ru/d/-aNFgv09MiOxtg,2419859280
UP0000-SCUS97472_00-PS2CLASSICS00000,2,[PS2] Shadow of the Colossus [RusText][NoRG][Debug],Convert PS2ISO to PS3PKG,,http://getfile.dokpub.com/yandex/get/http://disk.yandex.ru/d/yqrEn7xmBqS9Pg,2696835856
UP0000-SLUS21899_00-PS2CLASSICS00000,2,[PS2] Silent Hill: Shattered Memories [RusText][Metallist][Debug],Convert PS2ISO to PS3PKG,,http://getfile.dokpub.com/yandex/get/http://disk.yandex.ru/d/rnS3JHkEmhzsVQ,1488086384
UP0000-SLUS21731_00-PS2CLASSICS00000,2,[PS2] Silent Hill: Origins [RusText][Metallist][16:9][FiXed][Debug],Convert PS2ISO to PS3PKG,,http://getfile.dokpub.com/yandex/get/http://disk.yandex.ru/d/Vp903kQSFJIuQg,3101475872
UP0000-SLUS20228_00-PS2CLASSICS00000,2,[PS2] Silent Hill 2 (Greatest Hits) [RusText][Metallist][FiXed][Retail],Convert PS2ISO to PS3PKG,,http://getfile.dokpub.com/yandex/get/http://disk.yandex.ru/d/V8C0HDt7-AQhZQ,3906918592
UP0000-SLUS20228_00-PS2CLASSICS00000,2,[PS2] Silent Hill 2 (Greatest Hits) [FullRUS][Metallist][FiXed][Retail],Convert PS2ISO to PS3PKG,,http://getfile.dokpub.com/yandex/get/http://disk.yandex.ru/d/mp7eykDuB6DXXQ,3906918592
UP0000-SLUS20228_00-PS2CLASSICS00000,2,[PS2] Silent Hill 2 (Greatest Hits) [RusText][Metallist][16:9][FiXed][Debug],Convert PS2ISO to PS3PKG,,http://getfile.dokpub.com/yandex/get/http://disk.yandex.ru/d/IFCGIXTuG7vAhw,3906962960
EP0000-SLES51434_00-PS2CLASSICS00000,2,[PS2] Silent Hill 3 [RusText][ViTCo][16:9][Retail],Convert PS2ISO to PS3PKG,,http://getfile.dokpub.com/yandex/get/http://disk.yandex.ru/d/gkEx_Uxs3XKxBe,3614143664
UP0000-SLUS20622_00-PS2CLASSICS00000,2,[PS2] Silent Hill 3 [FullRUS][Metallist][16:9][FiXed][Debug],Convert PS2ISO to PS3PKG,,http://getfile.dokpub.com/yandex/get/http://disk.yandex.ru/d/vnfghewv87wg0w,3611899392
UP0000-SLUS20243_00-PS2CLASSICS00000,2,[PS2] Silent Scope 2: Dark Silhouette [RusText][NoRG][FiXed][Debug],Convert PS2ISO to PS3PKG,,http://getfile.dokpub.com/yandex/get/http://disk.yandex.ru/d/zygnlrhgF1LKuA,226758560
UP0000-SLUS21231_00-PS2CLASSICS00000,2,[PS2] Sniper Elite [FullRUS][Бука][16:9][Retail],Convert PS2ISO to PS3PKG,,http://getfile.dokpub.com/yandex/get/http://disk.yandex.ru/d/TfTT0Jk14HW7Vw,1394702176
UP0000-SLUS21380_00-PS2CLASSICS00000,2,[PS2] Snoopy vs The Red Baron [RusText][Megera][Debug],Convert PS2ISO to PS3PKG,,http://getfile.dokpub.com/yandex/get/http://disk.yandex.ru/d/xY7YgEBWJBlg2g,1710625824
EP0000-SLES50196_00-PS2CLASSICS00000,2,[PS2] Soul Reaver 2 [FullRUS][Фаргус][FiXed][Debug],Convert PS2ISO to PS3PKG,,http://getfile.dokpub.com/yandex/get/http://disk.yandex.ru/d/eYHDQxM_l_qwmQ,4690381840
EP0000-SLES50196_00-PS2CLASSICS00000,2,[PS2] Soul Reaver 2 [FullRUS][Фаргус][16:9][FiXed][Debug],Convert PS2ISO to PS3PKG,,http://getfile.dokpub.com/yandex/get/http://disk.yandex.ru/d/lQSgZBldHpuh-g,4688487776
UP0000-SLUS20336_00-PS2CLASSICS00000,2,[PS2] Spider-Man: The Movie [FullRUS][Фаргус][Retail],Convert PS2ISO to PS3PKG,,http://getfile.dokpub.com/yandex/get/http://disk.yandex.ru/d/s1H2m7ZGFwZXLA,1315632080
UP0000-SLUS20680_00-PS2CLASSICS00000,2,[PS2] SpongeBob SquarePants: Battle for Bikini Bottom [RusText][ViTCo][16:9][Debug],Convert PS2ISO to PS3PKG,,http://getfile.dokpub.com/yandex/get/http://disk.yandex.ru/d/dW0iTRoMl9iXmw,2402251808
UP0000-SLUS20856_00-PS2CLASSICS00000,2,[PS2] SPY FICTION [RusText][Debug],Convert PS2ISO to PS3PKG,,http://getfile.dokpub.com/yandex/get/http://disk.yandex.ru/d/luJOMoOX3VsnPq,3159924720
UP0000-SCUS97362_00-PS2CLASSICS00000,2,[PS2] Syphon Filter: Dark Mirror [FullRUS][Gamebox][16:9][FiXed][Retail],Convert PS2ISO to PS3PKG,,https://getfile.dokpub.com/yandex/get/https://disk.yandex.ru/d/B0wa_xf5HyRUkw,4328110896
JP0000-SLPS25100_00-PS2CLASSICS00000,2,[PS2] Tekken 4 [FullRUS][Retail][RIP],Convert PS2ISO to PS3PKG,,http://getfile.dokpub.com/yandex/get/http://disk.yandex.ru/d/cR9gJ0rbK9k5yQ,774797552
EP0000-SCES50878_00-PS2CLASSICS00000,2,[PS2] Tekken 4 [RusText][Debug],Convert PS2ISO to PS3PKG,,http://getfile.dokpub.com/yandex/get/http://disk.yandex.ru/d/hzDf0nOyUFN-JA,4499068928
EP0000-SCES53202_00-PS2CLASSICS00000,2,[PS2] Tekken 5 [RusText][Retail],Convert PS2ISO to PS3PKG,,http://getfile.dokpub.com/yandex/get/http://disk.yandex.ru/d/YaZ_f-x75YrDIA,4514905040
UP0000-SLUS20803_00-PS2CLASSICS00000,2,[PS2] The Bard's Tale [FullRUS][Логрус][16:9][Retail],Convert PS2ISO to PS3PKG,,http://getfile.dokpub.com/yandex/get/http://disk.yandex.ru/d/rfG44ZpYSOUXUw,3923123536
EP0000-SCES52758_00-PS2CLASSICS00000,2,[PS2] The Getaway: Black Monday [RusText][NoRG][FiXed][Debug],Convert PS2ISO to PS3PKG,,http://getfile.dokpub.com/yandex/get/http://disk.yandex.ru/d/p2rkeFUvLnnb_Q,4670699536
EP0000-SLES53967_00-PS2CLASSICS00000,2,[PS2] The Godfather [RusText][Retail],Convert PS2ISO to PS3PKG,,http://getfile.dokpub.com/yandex/get/http://disk.yandex.ru/d/qn-_yJGiE2_90w,3193311392
EP0000-SLES52247_00-PS2CLASSICS00000,2,[PS2] The Hobbit [FullRUS][SoftClub][Debug],Convert PS2ISO to PS3PKG,,http://getfile.dokpub.com/yandex/get/http://disk.yandex.ru/d/IdIWq0Yt5MObxA,2043846192
UP0000-SLUS21273_00-PS2CLASSICS00000,2,[PS2] The Matrix: Path of Neo [FullRUS][Devil Soft][16:9][Retail],Convert PS2ISO to PS3PKG,,http://getfile.dokpub.com/yandex/get/http://disk.yandex.ru/d/bcpn9nAQwBcRlQ,3845047168
UP0000-SLUS20864_00-PS2CLASSICS00000,2,[PS2] The Punisher: Uncensored [RusText][Debug],Convert PS2ISO to PS3PKG,,http://getfile.dokpub.com/yandex/get/http://disk.yandex.ru/d/c8GEhNl5XZrVXw,1993090768
EP0000-SLES50975_00-PS2CLASSICS00000,2,[PS2] The Thing [FullRUS][Retail],Convert PS2ISO to PS3PKG,,http://getfile.dokpub.com/yandex/get/http://disk.yandex.ru/d/IX9diNkScSmkaA,1543786832
UP0000-SLUS21215_00-PS2CLASSICS00000,2,[PS2] The Warriors [RusText][NoRG][16:9][Retail],Convert PS2ISO to PS3PKG,,http://getfile.dokpub.com/yandex/get/http://disk.yandex.ru/d/AduF4G1zI_YJIA,4584286304
EP0000-SLES53826_00-PS2CLASSICS00000,2,[PS2] Tom Clancy’s Splinter Cell: Double Agent [RusText][AlexLee][Debug],Convert PS2ISO to PS3PKG,,http://getfile.dokpub.com/yandex/get/http://disk.yandex.ru/d/g9LcezbyyYZ4Fg,2954798992
EP0000-SLES54674_00-PS2CLASSICS00000,2,[PS2] Tomb Raider: Anniversary [RusText][ViTCo][16:9][Retail],Convert PS2ISO to PS3PKG,,http://getfile.dokpub.com/yandex/get/http://disk.yandex.ru/d/byVdUN9HRkOhuQ/Lara_Croft_Tomb_Raider_-_Anniversary_[PS2_Classics]_[SLES54674]_sign.pkg,3660692032
EP0000-SLES53908_00-PS2CLASSICS00000,2,[PS2] Tomb Raider: Legend [RusText][AlexLee][FiXed][Retail],Convert PS2ISO to PS3PKG,,http://getfile.dokpub.com/yandex/get/http://disk.yandex.ru/d/egeYngL1wi5pPQ,3576293120
EP0000-SLES55442_00-PS2CLASSICS00000,2,[PS2] Tomb Raider: Underworld [RusText][AlexLee][16:9][Debug],Convert PS2ISO to PS3PKG,,http://getfile.dokpub.com/yandex/get/http://disk.yandex.ru/d/BuQhWQ-4QRQDLg/TombRaider2008-Underworld-PS2-RUS.pkg,2785653952
UP0000-SLUS21931_00-PS2CLASSICS00000,2,[PS2] Toy Story 3: The Video Game [FullRUS][Новый Диск][Debug],Convert PS2ISO to PS3PKG,,http://getfile.dokpub.com/yandex/get/http://disk.yandex.ru/d/UFLZobDg9aVDow,1519949728
UP0000-SLUS21209_00-PS2CLASSICS00000,2,[PS2] Urban Reign [RusText][NoRG][FiXed][Debug],Convert PS2ISO to PS3PKG,,http://getfile.dokpub.com/yandex/get/http://disk.yandex.ru/d/ebi7DiebzrsMnA,2109263952
EP0000-SCES53247_00-PS2CLASSICS00000,2,[PS2] WRC: Rally Evolved [RusText][FiXed][Debug],Convert PS2ISO to PS3PKG,,http://getfile.dokpub.com/yandex/get/http://disk.yandex.ru/d/4Rpy-1-3y4FjvQ,3722246688
UP0000-SLUS20677_00-PS2CLASSICS00000,2,[PS2] XIII [RusText][Retail],Convert PS2ISO to PS3PKG,,http://getfile.dokpub.com/yandex/get/http://disk.yandex.ru/d/h9_HAvz0QZDbJw,2580583952
UP0000-SLUS21348_00-PS2CLASSICS00000,2,[PS2] Yakuza [RusText][Megera][FiXed][Debug],Convert PS2ISO to PS3PKG,,http://getfile.dokpub.com/yandex/get/http://disk.yandex.ru/d/yAchi4yPmKjKyw,4602777552
